,title
0,Nuventin Retinol Cream
1,Anti-Aging Retinol Cream
2,DURASACK Lawn Bag
3,Air-O Baby Carrier Size 2
4,Java Monster Coffee Drink
5,Butterfly Comforter Set
6,Bestgoods Diaper Backpack
7,YOLAI Baby Food Grinder
8,LED Bug Zapper
9,Amuver Gold Soup Spoons
10,Winfun Melody Gym
11,Windsoft Jumbo Toilet Paper
12,Celestial Seasonings Tea K-Cups
13,Perk Plastic Spoons
14,Zhongxinda Teeth Whitening Pen
15,Palmers Cocoa Butter Cream
16,Neutrogena Acne Treatment
17,Damp Rid Moisture Absorber
18,Victor Fly Trap
19,Sonic Tooth Cleaner
20,Wooden Travel Utensils
21,Pet Sun Visor Cap
22,Hefty Large Trash Bags
23,Oral-B Electric Toothbrush
24,Yucca Root Shampoo
25,PURELL Hand Sanitizer
26,Glad Compostable Bowls
27,ARM & HAMMER Toothpaste
28,"Hi,FANCY Cling Film Dispenser"
29,BadPiggies Scrubber Set
30,Citrus Magic Air Freshener
31,Mio Energy Enhancer
32,Dicasser Eye Shadow Applicators
33,Famure Air Fryer Pot
34,FGY Eyebrow Tweezers Set
35,Michel Ocean Tide Tissues
36,Clorox Hydrogen Peroxide Disinfectant
37,Super Max Men's Disposable Razors
38,Plastic Serving Utensils Set
39,Gillette Mach3 Sensitive Blades
40,Powerful Sink Cleaner Powder
41,WuFuYuan Bubble Tea Boba Pack
42,Clorox Germicidal Bleach Jug
43,Kaboom Toilet Cleaning Refill
44,Gillette Sensor3 Disposable Razors
45,Twice as Fresh Bleach Powder
46,Oral B Replacement Brush Heads
47,Fairywill Sonic Electric Toothbrush
48,Pioneer Woman Christmas Plates
49,Marathon Center Pull Paper Towels
50,McKesson Hand Sanitizer with Aloe
51,OxiClean Stain Remover Bundle
52,Leaveforme Baby Wipes Dispenser
53,Pet Factory Beefhide Chews
54,Mrs. Meyer's Hand Soap Oat Blossom
55,SweatBlock Antiperspirant Wipes
56,Forza10 Sensitive Digestion Dog Food
57,Disposable Ice Cream Cups
58,Provon Foaming Antimicrobial Soap
59,Spectracide Termite Killing Foam
60,Schick Intuition Women's Razor
61,Olay Firming Body Wash
62,Disposable Coffee Cups
63,Giorgio Beverly Hills Body Spray
64,Lansinoh mOmma Bottle with Nipple
65,NIVEA Hydration Body Lotion
66,Colombian Decaffeinated Coffee Concentrate
67,AURORA TRADE Denture Bath Case
68,Dicasser Reusable Washer Balls
69,Displastible Disposable Aluminum Pans
70,Remington Titanium Travel Shaver
71,Pet Action Plus Flea Treatment
72,Neutrogena Hydro Boost Lip Gloss
73,Enowise Drain Cleaner Deodorizer
74,"Amscan 7"" Round Paper Plates"
75,Zero Odor Eliminator Spray
76,Halt Liquid Drain Opener
77,Cartoon Baby Walker Stroller
78,Safe Baby Nail Clipper
79,TheraNeem Gentle Therapy Shampoo
80,Extraordinary Bites Bagel
81,Air Fryer Disposable Paper Liner
82,Pioneer Woman Straws Pack
83,Clean & Clear Exfoliating Scrub
84,Lysol Automatic Toilet Cleaner
85,Trophy Plus Insulated Cups
86,Tiesta Tea Lean Green Machine
87,Maxcozy Dog Dress Sweater
88,Glade Air Freshener Cashmere Woods
89,DaVinci Nolan Convertible Crib
90,Disposable Paper Meal Box
91,Cheers.US Wool Dryer Ball
92,Glad Paper Bowls Victorian Design
93,Charmin Flushable Wipes
94,Revlon Ultra HD Lipcolor
95,MODERN HOMEZIE Trap Bait
96,Raspberry Air Refresheners Pack
97,Fanshao Geometric Fruit Bowl
98,Camille Rose Leave-in Conditioner
99,Levtex Kenya Baby Bed Set
100,YBIKE Pewi Elite Ride-On
101,Philips Sonicare Replacement Heads
102,Centrix Rotorazor Replacement Blades
103,Thermacell Mosquito Repeller E-Series
104,Portable Baby Playpen Play Yard
105,Gillette Labs Exfoliating Razor
106,Crystal Drain Opener
107,Summertime Sprinklers Body Spray
108,iMountek Mop Bucket Set
109,Hands-Free Baggy Rack Holder
110,Air Fryer Disposable Paper Liners
111,Lionstill Facial Hair Remover
112,DenTek Wax for Braces
113,Kleenex Facial Tissues Pack
114,Smart Ultrasonic Electric Toothbrush
115,Hommtina Military Blanket
116,EcoRaider Bed Bug Killer
117,Downy Scent Booster Beads
118,Shower Steamers Aromatherapy
119,Simplehuman Compatible Trash Bags
120,TYLER Glam Wash Detergent
121,LA Baby Safari Dreams Mattress
122,IZZE Sparkling Juice Variety Pack
123,Battery Sprayer Mosquito Repellent
124,Palmolive Oxy Dish Soap
125,Amerteer Baby Carrier Backpack
126,Elta MD SPF 40 Tinted Sunscreen
127,Glisten Dishwasher Magic Cleaner
128,Oribe Shampoo and Conditioner
129,Gigi Small Cloth Strips
130,Electric Mini Garlic Chopper
131,Botrong Toilet Cleaner
132,LITTLE TREES Black Ice Air Freshener
133,Schick Intuition Island Berry Refills
134,Arm & Hammer OxiClean Detergent
135,Nursing Cover Breastfeeding Cover
136,Surker Foil Shavers
137,EcoRaider Bed Bug Killer 2 Pack
138,Grout-eez Tile & Grout Cleaner
139,9 Elements Lemon Softener
140,Doctor Proctors Fart Powder Book
141,Downy Unstopable Scent Booster
142,Schick Quattro Titanium Refills
143,Quilted Napkins White Pack
144,Neutrogena Makeup Remover Towelettes
145,Clear Glass Mugs with Lid
146,Bright Starts 5-in-1 Ball Play
147,Benamor Nutritive Hand Cream
148,FRCOLOR Dog Plush Car Deodorant
149,Snuggle Plus SuperFresh Dryer Sheets
150,Tim Hortons Medium Roast Whole Bean Coffee
151,Gillette Ultra Sensitive Shave Mousse
152,Softsheen-Carson Magic Shave Hair Removal Cream
153,TL Care Cotton Mini Crib Sheet
154,YUEHAO Aluminum Foil Box
155,CyKill Mice and Rat Bait Packs
156,Honeeladyy Pipe Cleaning Stick
157,Braun Precision Clean Toothbrush Heads
158,Strawberry Orthodontics Wax Relief
159,ConfiDental Moldable Mouth Guard Pack
160,Clothes Anti-Winding Cleaning Balls
161,Gleem Toothbrush Refill Heads
162,Colgate Baking Soda Whitening Toothpaste
163,Jackpot Candles Bath Bomb with Jewelry
164,Dionis Goat Milk Hand Cream
165,Bee's Wrap Beeswax Bread Wrap
166,AsaVea Teeth Whitening Kit
167,BESTHUA Handheld Carpet Sweeper
168,Baby Bibs Burp Cloths Bath Towel
169,JeashCHAT Flosser Dispenser
170,LAKeyen Discovery Walker
171,Natracare Organic Cotton Intimate Wipes
172,COVERGIRL Moisturizing Lip Color
173,ARM & HAMMER OxiClean Power Paks
174,Rapid Fire Turbo Brew Keto Coffee
175,Baozhu Hooded Bath Towels for Toddlers
176,Waterloo Watermelon Sparkling Water
177,Tork Hand Towel Roll
178,J T Eaton Spider and Cricket Glue Traps
179,Mini Cat Food Fork Fruit Picks
180,Pacific Play Tents Bed Tent
181,Hearing Aid Batteries Powerone Size 13
182,Corn Huskers Lotion Heavy Duty Hand Treatment
183,USB Rechargeable Anti Insect Bug Zapper
184,Great Value Compostable Plates
185,Revlon Semi-Permanent Brow Ink
186,Windfall Sticky Fruit Fly Traps
187,Baby Health Care Kit Nail Trimmer
188,Pillsbury Toaster Strudel Cinnamon Roll
189,Calmoseptine Ointment
190,Alpine Industries Janitorial Cleaning Cart
191,Goodwipes Flushable Biodegradable Wipes
192,Dabur Amla Gold Hair Oil
193,Secret Dry Spray Aluminum Free Deodorant
194,affresh Stainless Steel Mousse
195,Eucerin Eczema Relief Cream & Body Wash
196,BIC Soleil Disposable Women's Razors
197,Portable Baby Wet Wipes Clutch
198,MAC Powder Kiss Lipstick - TEDDY 2.0
199,Mice Repellent Plug-ins
200,Kuluzego Adult Spa Inflatable Cushion Chair
201,Back Scrubber Exfoliating Long Handled Brush
202,Prospect Tea DECAF Peppermint Pods
203,Schick Quattro Women Razor Refill + Tweezers
204,Scrubbing Bubbles Fresh Brush Refill
205,Dove Refresh The Senses Bath Gift Set
206,Comfy Package Plastic Stirrers/Straws
207,Safavieh Madison Heather Floral Area Rug
208,jiaroswwei Bamboo Charcoal Odor Absorber
209,Duro Bag White Butcher Paper Roll
210,ACT Total Care Anticavity Mouthwash
211,Bug Zapper High Powered Electric Mosquito Zapper
212,Mio Energy Tropical Fusion Liquid Enhancer
213,Treefrog Natural Air Freshener
214,Yous Auto Sticky Fly Trap
215,Windfall Bamboo Charcoal Air Purifying Bag
216,8pcs Carp Slow Sinking Fake Baits
217,Dinnerware Baby Food Grinding Bowl
218,Professional Hairdressing Scissors
219,Rust Remover Cleaning Foam Spray
220,ForestYashe Heavy Duty Aluminum Foil Roll
221,Child Safety Door Locks
222,Parissa Cold Wax Hair Remover
223,Philips Sonicare W2 Optimal White Brush Heads
224,Kleenex Cooling Lotion Facial Tissues
225,PROSOCO Consolideck Cleaner/Degreaser
226,Air Wick Stick Ups Air Freshener
227,JL Prime Silver Plastic Cups
228,Suave Fresh Vibes Deodorant Stick
229,Renuzit Adjustable Solid Gel Air Freshener
230,Mean Green Mildew Destroyer with Bleach
231,Lysol Laundry Sanitizer Crisp Linen
232,Denture Cup Retainer Case
233,Dawn Platinum Dishwashing Foam Refill
234,Water Dental Flosser Cordless
235,Sawyer Permethrin Insect Repellent
236,Lubriderm Advanced Therapy Lotion
237,Naked Bee Serious Hand Repair Cream
238,Altsales Denture Case with Strainer
239,Diva Stuff Sugar Cube Body Buff Scrub
240,SOF Green Tea Liquid Hand Soap
241,Clorox Liquid Bleach
242,Katgely Individual Cupcake Container
243,Exterminators Choice Lizard Defense Spray
244,OOKWE Baby Wet Wipe Storage Box
245,GUESS S BLU BS 6.0
246,Essity Universal Hand Towel Roll
247,Cricut Adhesive Foil Vinyl
248,Trash Bags 4 Gallon Heavy Duty
249,SheaMoisture Raw Shea Baby Lotion
250,Revlon Face Defuzzers Hair Removal Tool
251,BDDVIQNN Outdoor Travel Magic Towel
252,Swiffer Sweeper Dry Cloth Mop Pad
253,Baby Wipe Warmer Heater
254,Little Love by NoJo Musical Mobile
255,Sufanic Compostable Trash Bags
256,Hoover Power Scrub Deluxe Carpet Washer
257,Natural Bristle Wooden Bath Shower Brush
258,Purple Reign Bouquet - Fresh Cut
259,Mrs. Meyer's Clean Day Fabric Softener
260,Unbleached Parchment Paper Roll
261,Gerber Baby Cereal Probiotic Oatmeal
262,Michel Design Works Hand Creme
263,Flower Bouquet Realistic Bridal Bouquet
264,Super Sunnies Tan Sunless Aerosol
265,Careslong Kids U-Shaped Toothbrush
266,Anself Universal Fit Reusable Mop Pads
267,Funny Toilet Paper Roll Birthday Decoration
268,Cardinal Health Flushable Rinse-Free Wipes
269,Maybelline Cheek Heat Gel-Cream Blush
270,Clorox Antibacterial Liquid Hand Soap Refill
271,Biz Liquid Boosters Stain Eliminator
272,Sunfood Organic Superfood Smoothie Powder
273,Arizona Ice Tea with Lemon Flavor
274,Isopropyl Alcohol 70%
275,Marketside Organic Spring Mix Salad
276,Diversey Oxivir 1 Disinfectant Cleaner
277,Water Dental Flosser Cordless Oral Irrigator
278,Baby Grooming Kit Newborn Tool Set
279,Biotene Original Sugar Free Toothpaste
280,Garnier Fructis Sleek & Shine Leave-in Conditioner
281,Abbey & Sullivan Linen Spray
282,Formula 409 Cleaner Degreaser Disinfectant
283,White Knight Facial Cleanser
284,RMR - Xtreme Soap Scum Remover
285,Baofu Clear Plastic Party Shot Glasses
286,Mrs. Meyer's Clean Day Soy Candle
287,Beekman 1802 Goat Milk Hand Lotion
288,Native Natural Deodorant
289,Pacific Play Tents Me Too Play Tent
290,M3 Naturals Himalayan Salt Body Scrub
291,Tide Original Powder Laundry Detergent
292,Philips Epilator Series 8000
293,PAW Patrol Polyester Floor Pillow
294,Square Foil Wrapper for Candy
295,Aleve Liquid Gels Pain Relief
296,Bug Zapper Electric Mosquito & Fly Zapper
297,Hawaiian Tropic Everyday Active Sunscreen
298,Swiffer Disposable Sweeper Starter Kit
299,TerraVita Red Apple Cinnamon Green Tea
300,Oral-B Pro 500 Electric Toothbrush
301,Disposable Non-Stick Parchment Paper
302,Ajax Lemon Scent Dish Detergent
303,Pawhut Heavy-duty Pet Playpen Kennel
304,Nioxin System 2 Scalp Treatment
305,Dicasser Waterproof Rice Pocket Bib
306,Diptyque Eau Duelle Unisex
307,Wevac Vacuum Sealer Bags Rolls
308,Zep Heavy-Duty Foaming Degreaser
309,Goodwipes Flushable Biodegradable Wipes
310,Facial Tissue 2-Ply White
311,Haillom Self Seal Plastic Food Bag
312,Nikwax HardShell Wash Waterproofing DuoPack
313,Temporary Missing Tooth Repair Kit
314,Orthodontic Silicone Wax for Braces
315,Greaseproof Perforated Oven Paper
316,Victor TIN CAT Live Catch Mouse Trap
317,Opticlean Power Plaque Remover Brush Heads
318,Tisnia One Blade Case for Philips Norelco
319,Downy Lush Unstopables Scent Booster Beads
320,Happy 50th Birthday Toilet Paper Prank
321,oneisall Dog Clippers Replacement Charger
322,Kleenex Facial Tissue White
323,Juebong Baby Romper Shark Print Swaddle
324,Febreze Odor-Eliminating Air Freshener
325,Snuggle Plus Super Fresh Liquid Fabric Softener
326,SunSunrise Bamboo Charcoal Bag Odor Absorber
327,Dreambaby Premium Nail Clippers with Magnifier
328,Aluminum Foil Chocolate Candy Wrapper
329,Fairywill Ultrasonic Electric Toothbrush Dual Pack
330,L'ENVOL DE CARTIER Shower Gel
331,Eco-Friendly Laundry Balls for Washing Machine
332,The First Years Gumdrop Pacifiers
333,Wool Dryer Balls Premium Natural Fabric Softener
334,AAA 1.5V High Performance Alkaline Batteries
335,CLR Fresh & Clean Garbage Disposal Cleaning Pods
336,Swiss Diamond Cast Aluminum Nonstick Fry Pan
337,Dpityserensio Baby Wipes Dispenser
338,Dog Diaper Adjustable Reusable Sanitary Pants
339,Gatorlyte Rapid Rehydration Electrolyte Beverage
340,MOOSUP Powerful Sink and Drain Cleaner
341,Snuggle Plus Superfresh Sheets
342,Purex Crystals In-Wash Fragrance Booster
343,Scott Essential C-Fold Towels
344,Cafe Bustelo Espresso Ground Coffee
345,Solar Large Fly Traps Outdoor Non-Toxic
346,NUTRO Cuts in Gravy Wet Dog Food Variety Pack
347,Buster's Waterless Oatmeal Mango Scent Shampoo
348,iMeshbean Double Depilatory Wax Heater
349,DampRid RV & Boat Moisture Absorber
350,Baby Einstein Sky Explorers Walker
351,Peace Lily Detoxifies Air
352,Reusable Silicone Air Fryer Liners
353,BIC Click 4 Soleil Women's Disposable Razors
354,PoypyozzZ Mole Trap Tunnel
355,Huggies Nourish & Care Baby Wipes
356,Hazel Tech Travel Bassinet
357,Usupdd Simulation Bread Worm Fishing Bait
358,HOTBEST Bug Battery Operated Fly Swatter
359,Auto Drive Microfiber Car Cleaning Towels
360,The Mane Choice Kids Leave-in Conditioner
361,Fishing Bait Smell Grass Carp Baits
362,Bonide Eight Vegetable Fruit Flower Spray Insecticide
363,Atmoko Sonic Electric Toothbrushes
364,Kleenex Soothing Lotion Facial Tissues
365,Softsoap Liquid Moisturizing Hand Soap Refill
366,Wrea Linen Hanging Baby Crib Organizer
367,Wonder Woman Disposable Blue Cups
368,ProPearls Professional Teeth Whitening Kit
369,O-Cedar EasyWring Microfiber Spin Mop
370,Diconna Wax Paper Disposable Food Wrapping
371,Eo Products Deodorant Wipes Lavender
372,Cheers.US Pet Cape Superman Cosplay
373,Le Couvent des Minimes Gardener's Hand Cream
374,Coffee Capsule Cup Self Stick Tamper Kit
375,Maud's Dark Roast Decaf Coffee Pods
376,CenturyX Baby Animal Design Bathrobe
377,Michel Design Works Dish Soap Lemon Basil
378,RADIUS Toothbrush Replacement Brush Heads
379,Air Fryer Parchment Paper Liners
380,Purina Pro Plan Gravy Wet Dog Food
381,Peripera Ink Airy Velvet Lip Tint
382,Incredible! Stain Remover
383,Difeel Vitamin C Ultra Repair Hand Lotion
384,Benzodent Dental Pain Relieving Cream
385,Wevac Vacuum Sealer Bags Gallon Size
386,USA Moving Supply Cushion Foam Sheets
387,Purina ONE Natural Sensitive Stomach Dog Food
388,LITTLE TREES Car Air Fresheners Blackberry
389,Georgia-Pacific Jumbo Jr. Toilet Paper
390,Philips Norelco OneBlade Electric Shaver
391,NUK Comfy Pacifiers
392,Coca-Cola with Coffee Caramel Can
393,Royal Paper Products Unscented Baby Wipes
394,Camille Beckman Hand and Shower Gel
395,Vademecum Junior Toothpaste for Children
396,Tork Mini-Jumbo Roll Bath Tissue
397,Slime Out Condensate Pan Tab Clean Treatment
398,Schick Hydro Silk Women's Disposable Razors
399,Air Fryer Silicone Pot
400,Revlon Perfect Heat Ceramic Tourmaline Flat Iron
401,OBOSOE Baby Nail Trimmer Kit
402,Felce Azzurra Argan Oil and Vanilla Softener
403,Arkwright Microfiber Tube Mop Head
404,Walbest Acrylic Polka Dot Drinking Cup
405,200pcs Air Fryer Disposable Paper Liner
406,Ayurvedic Anti-Inflammatory Organic Turmeric Tea
407,Faultless Spray Starch for Clothes
408,WSBDENLK Christmas Printing Drawing Paper Tissue
409,Eucerin Sensitive Mineral Sunscreen Lotion SPF 50
410,Celestial Seasonings Decaffeinated Green Tea
411,Advanced Hand Sanitizer Gel 8 fl oz (Case of 12)
412,100 Sheets Hair Removal Waxing Strip Paper
413,Onedor Natural Green Sandalwood Hair Combs
414,Cordless Electric Fabric Lint Remover
415,Oral Power Floss Dental Water Jet
416,Ame Powerful Drain Cleaner Chemical Powder
417,Tadpoles Organic Palm Leaf Moses Basket
418,Johnson's Bedtime Baby Bubble Bath
419,Little Trees Car Air Freshener (Caribbean Colada)
420,Danlai Baby Diaper Applicator Silicone
421,Oral-B Cross Action Replacement Brush Heads
422,Country Brook Petz Orange Camo Dog Collar
423,Minecraft Paper Cups
424,YZdevelop Fruit Scent Braces Wax
425,Prime Line Packaging Plastic Bags with Handles
426,Eucerin Advanced Repair Body Lotion
427,Camco Adjustable Broom and Dustpan
428,RamPro Clear Plastic Serving Forks Set
429,hirigin Wet Wipes Dispenser with Lid
430,Garosa Orthodontic Relief Wax Boxes
431,McKesson Paper Wrapped Flexible Straws
432,Johnson's Baby Oil Aloe Vera and Vitamin E
433,YuMe Baby Shark Entertainer Activity Mat
434,HOTBEST Universal Footmuff Cosy Toes Apron
435,Safer Japanese Beetle Trap Attractant Bait
436,Replacement Shaver Head for Braun 7 Series
437,Bath Body Skin Lotion Applicator for Back
438,American Hydro Systems Repel and Fertilize Pack
439,Oral B Kids Spider Man Toothbrushes
440,Ziplock Bag Storage Organizer for Kitchen Drawer
441,Baby Formula Dispenser Portable Milk Container
442,Dr. Fresh Toothbrushes Soft 6 ct
443,Clean Fresh Laundry by Clean
444,Catchmaster Multi-Catch Mouse Trap
445,Eyebrow Razor Trimmers Multipurpose Tool
446,Mijaution Portable Travel Toothbrush Cover
447,Blunt Effects Air Freshener (Kiss of Mint)
448,Seal-a-Meal Vacuum Seal Bags 13 Pack
449,LOMAO Flannel Blanket with Pompom Fringe (Brown)
450,Tea Forte Tea Tasting Assortment Presentation Box
451,O'Keeffe's Working Hands Hand Cream
452,Jason Calming Lavender Hand & Body Lotion
453,Moso Natural Air Purifying Bag 200g
454,Avid Armor Food Vacuum Sealer Bag Rolls 2 Pack
455,100Pcs Paper Cup Nose Hair Removal Wax Bean Container
456,"Glad FLEXN SEAL Freezer Storage Bags, 28 Count"
457,12 Colors Waterproof Liquid Diamond Eye Shadow
458,Marathon 2-Ply Bath Tissue 48 ct
459,Brush Holder Stand for 67 Paint Brushes
460,Panasonic CR2 Photo Lithium Battery - 8 Pack
461,"e.l.f. Bite Size Face Duo, Lychee"
462,TEPE Compact Tuft Toothbrush
463,"Gain Liquid Fabric Softener, Original Scent (Pack of 2)"
464,Parker Bailey Granite & Stone Cleaner 32oz
465,TEPE Universal Care Soft Slim Toothbrush
466,Desktop Calculator 12 Digit
467,"JEHONN Shower Scrubber Refill, 2 Pcs"
468,"NYX Suede Matte Lip Liner, Tea And Cookies"
469,50 Pack 10oz Cups with Dome Lids
470,2Pcs Mini Electric Hair Remover Replacement Heads
471,"Natural Liquid Fabric Softener, 42 Loads"
472,5Pcs Filters for iHome Filter Autovac Nova
473,"Bio-Clean Drain Opener, 12 Bottles"
474,"Morcon Tissue Small Core Toilet Paper, 24 Rolls"
475,"Tanac No Sting Liquid, 0.45 Oz"
476,Walbest Adjustable Kids Shampoo Shower Cap
477,BIOSA Baby Sofa Support Seat Cover
478,"Multi-Surface Cleaner Disinfectant Pine, 24 oz"
479,Maybelline Great Lash Waterproof Mascara
480,Clean Sonic Electric Toothbrush Replacement Head 3 Pack
481,Electric Splatter Water Ball Toy with 35000 Beads
482,"Chy Hair Grow, Coco Leave In Conditioner"
483,TAONMEISU Wipes Heater Warmer
484,Centerel Bikini Shaver and Trimmer Hair Remover
485,"Febreze Air Freshener Spray, 6 Pack"
486,TL Care 4 Piece Toddler Bedding Set
487,6 PCS Mouse Traps Rat Traps
488,Babo Botanicals Miracle Moisturizing Cream
489,Beard Cut Throat Double Edge Safety Razor
490,Oral-B EB503 CrossAction Pro Toothbrush Heads
491,"Liquid Hand Soap, 1 Gallon Bottle, 4 Pack"
492,Lysol Laundry Sanitizer & Disinfectant Spray Pack
493,"Twinings Tea Variety Pack K-Cups, 12 Count (Pack of 3)"
494,Sebastian Professional Dark Shampoo & Conditioner Duo
495,"100PCS Air Fryer Parchment Paper Liners, 8.3 Inches"
496,Tissue Box with Lid Baby Wipes Dispenser Pouch
497,"Large Rubber Bands, Cat Litter Liner Band, 7 Inches"
498,"Pampas Grass 85 Pcs, Boho Home Decor"
499,"Mrs. Meyer's Soy Candle, Iowa Pine, 7.2 OZ"
